<?xml version="1.0" encoding="utf-8"?>
<!--/248950/1246483/2.50/8/3/Integrated Circuit/-->
<quadcept_library>
  <setting unit="mil" />
  <textstyle name="Default" height="47.244094488189" strokewidth="7.8740157480315" charwidth="47.244094488189" />
  <textstyle name="Dimension" height="19.6850393700787" strokewidth="0" charwidth="19.6850393700787" />
  <textstyle name="H127W0635TH00762" height="50" strokewidth="3" charwidth="25" />
  <textstyle name="H15W15TH02" height="59.0551181102362" strokewidth="7.8740157480315" charwidth="59.0551181102362" />
  <padstyle name="c116_h76" surface="False" plated="True" isvia="False" nopaste="True" nomask="True" complex="False" holesize="29.921259842519">
    <padshape layer="TOP" shape="round" width="45.669291338582" height="45.669291338582" />
    <padshape layer="TOP_SOLDER_MASK" shape="round" width="53.543307086614" height="53.543307086614" />
    <padshape layer="INNER" shape="round" width="45.669291338582" height="45.669291338582" />
    <padshape layer="BOTTOM" shape="round" width="45.669291338582" height="45.669291338582" />
    <padshape layer="BOTTOM_SOLDER_MASK" shape="round" width="53.543307086614" height="53.543307086614" />
  </padstyle>
  <padstyle name="s116_h76" surface="False" plated="True" isvia="False" nopaste="True" nomask="True" complex="False" holesize="29.921259842519">
    <padshape layer="TOP" shape="square" width="45.669291338582" height="45.669291338582" />
    <padshape layer="TOP_SOLDER_MASK" shape="square" width="53.543307086614" height="53.543307086614" />
    <padshape layer="INNER" shape="round" width="45.669291338582" height="45.669291338582" />
    <padshape layer="BOTTOM" shape="square" width="45.669291338582" height="45.669291338582" />
    <padshape layer="BOTTOM_SOLDER_MASK" shape="square" width="53.543307086614" height="53.543307086614" />
  </padstyle>
  <footprint name="DIP794W56P254L946H432Q8N" originx="0" originy="0" pickpointx="0" pickpointy="0">
    <pcbpin number="1" name="1" style="s116_h76" originx="-156.29921259842" originy="150" rotation="90" />
    <pcbpin number="2" name="2" style="c116_h76" originx="-156.29921259842" originy="49.999999999999" rotation="90" />
    <pcbpin number="3" name="3" style="c116_h76" originx="-156.29921259842" originy="-49.999999999999" rotation="90" />
    <pcbpin number="4" name="4" style="c116_h76" originx="-156.29921259842" originy="-150" rotation="90" />
    <pcbpin number="5" name="5" style="c116_h76" originx="156.29921259842" originy="-150" rotation="90" />
    <pcbpin number="6" name="6" style="c116_h76" originx="156.29921259842" originy="-49.999999999999" rotation="90" />
    <pcbpin number="7" name="7" style="c116_h76" originx="156.29921259842" originy="49.999999999999" rotation="90" />
    <pcbpin number="8" name="8" style="c116_h76" originx="156.29921259842" originy="150" rotation="90" />
    <line layer="TOP_PLACE_BOUND" originx="-195.27559055118" originy="202.36220472441" endx="195.27559055118" endy="202.36220472441" width="1.9685039370079" />
    <line layer="TOP_PLACE_BOUND" originx="195.27559055118" originy="202.36220472441" endx="195.27559055118" endy="-202.36220472441" width="1.9685039370079" />
    <line layer="TOP_PLACE_BOUND" originx="195.27559055118" originy="-202.36220472441" endx="-195.27559055118" endy="-202.36220472441" width="1.9685039370079" />
    <line layer="TOP_PLACE_BOUND" originx="-195.27559055118" originy="-202.36220472441" endx="-195.27559055118" endy="202.36220472441" width="1.9685039370079" />
    <line layer="TOP_ASSEMBLY" originx="-129.92125984252" originy="192.51968503937" endx="129.92125984252" endy="192.51968503937" width="3.9370078740157" />
    <line layer="TOP_ASSEMBLY" originx="129.92125984252" originy="192.51968503937" endx="129.92125984252" endy="-192.51968503937" width="3.9370078740157" />
    <line layer="TOP_ASSEMBLY" originx="129.92125984252" originy="-192.51968503937" endx="-129.92125984252" endy="-192.51968503937" width="3.9370078740157" />
    <line layer="TOP_ASSEMBLY" originx="-129.92125984252" originy="-192.51968503937" endx="-129.92125984252" endy="192.51968503937" width="3.9370078740157" />
    <line layer="TOP_ASSEMBLY" originx="-129.92125984252" originy="142.51968503937" endx="-79.921259842519" endy="192.51968503937" width="3.9370078740157" />
    <line layer="TOP_SILKSCREEN" originx="-179.13385826771" originy="192.51968503937" endx="129.92125984252" endy="192.51968503937" width="7.8740157480314" />
    <line layer="TOP_SILKSCREEN" originx="-129.92125984252" originy="-192.51968503937" endx="129.92125984252" endy="-192.51968503937" width="7.8740157480314" />
  </footprint>
  <symbol name="MCP2551-I_P" originx="0" originy="0">
    <line originx="200" originy="100" endx="900" endy="100" width="0" />
    <line originx="900" originy="-400" endx="900" endy="100" width="0" />
    <line originx="900" originy="-400" endx="200" endy="-400" width="0" />
    <line originx="200" originy="100" endx="200" endy="-400" width="0" />
    <sympin number="1" originx="200" originy="0" rotation="180" length="100" width="7.8740157480315" flipped="False">
      <text name="pinname" originx="230" originy="0" style="Default" rotation="0" justify="left" flipped="False" hidden="False" data="TXD" />
      <text name="pindes" originx="140" originy="20" style="Default" rotation="0" justify="lowerright" flipped="False" hidden="False" data="1" />
    </sympin>
    <sympin number="2" originx="200" originy="-100" rotation="180" length="100" width="7.8740157480315" flipped="False">
      <text name="pinname" originx="230" originy="-100" style="Default" rotation="0" justify="left" flipped="False" hidden="False" data="VSS" />
      <text name="pindes" originx="140" originy="-80" style="Default" rotation="0" justify="lowerright" flipped="False" hidden="False" data="2" />
    </sympin>
    <sympin number="3" originx="200" originy="-200" rotation="180" length="100" width="7.8740157480315" flipped="False">
      <text name="pinname" originx="230" originy="-200" style="Default" rotation="0" justify="left" flipped="False" hidden="False" data="VDD" />
      <text name="pindes" originx="140" originy="-180" style="Default" rotation="0" justify="lowerright" flipped="False" hidden="False" data="3" />
    </sympin>
    <sympin number="4" originx="200" originy="-300" rotation="180" length="100" width="7.8740157480315" flipped="False">
      <text name="pinname" originx="230" originy="-300" style="Default" rotation="0" justify="left" flipped="False" hidden="False" data="RXD" />
      <text name="pindes" originx="140" originy="-280" style="Default" rotation="0" justify="lowerright" flipped="False" hidden="False" data="4" />
    </sympin>
    <sympin number="8" originx="900" originy="0" rotation="0" length="100" width="7.8740157480315" flipped="False">
      <text name="pinname" originx="870" originy="0" style="Default" rotation="0" justify="right" flipped="False" hidden="False" data="RS" />
      <text name="pindes" originx="960" originy="20" style="Default" rotation="0" justify="lowerleft" flipped="False" hidden="False" data="8" />
    </sympin>
    <sympin number="7" originx="900" originy="-100" rotation="0" length="100" width="7.8740157480315" flipped="False">
      <text name="pinname" originx="870" originy="-100" style="Default" rotation="0" justify="right" flipped="False" hidden="False" data="CANH" />
      <text name="pindes" originx="960" originy="-80" style="Default" rotation="0" justify="lowerleft" flipped="False" hidden="False" data="7" />
    </sympin>
    <sympin number="6" originx="900" originy="-200" rotation="0" length="100" width="7.8740157480315" flipped="False">
      <text name="pinname" originx="870" originy="-200" style="Default" rotation="0" justify="right" flipped="False" hidden="False" data="CANL" />
      <text name="pindes" originx="960" originy="-180" style="Default" rotation="0" justify="lowerleft" flipped="False" hidden="False" data="6" />
    </sympin>
    <sympin number="5" originx="900" originy="-300" rotation="0" length="100" width="7.8740157480315" flipped="False">
      <text name="pinname" originx="870" originy="-300" style="Default" rotation="0" justify="right" flipped="False" hidden="False" data="VREF" />
      <text name="pindes" originx="960" originy="-280" style="Default" rotation="0" justify="lowerleft" flipped="False" hidden="False" data="5" />
    </sympin>
  </symbol>
  <component name="MCP2551-I_P" designatorprefix="IC" height="170.07874015748" footprint="DIP794W56P254L946H432Q8N">
    <comppin designator="1" sympin="1" pinswap="0" gateswap="0" gate="1" group="1" side="" type="Any" name="TXD" />
    <comppin designator="2" sympin="2" pinswap="0" gateswap="0" gate="1" group="1" side="" type="Any" name="VSS" />
    <comppin designator="3" sympin="3" pinswap="0" gateswap="0" gate="1" group="1" side="" type="Any" name="VDD" />
    <comppin designator="4" sympin="4" pinswap="0" gateswap="0" gate="1" group="1" side="" type="Any" name="RXD" />
    <comppin designator="5" sympin="5" pinswap="0" gateswap="0" gate="1" group="1" side="" type="Any" name="VREF" />
    <comppin designator="6" sympin="6" pinswap="0" gateswap="0" gate="1" group="1" side="" type="Any" name="CANL" />
    <comppin designator="7" sympin="7" pinswap="0" gateswap="0" gate="1" group="1" side="" type="Any" name="CANH" />
    <comppin designator="8" sympin="8" pinswap="0" gateswap="0" gate="1" group="1" side="" type="Any" name="RS" />
    <attached_symbol gate="1" name="MCP2551-I_P" />
    <pinmap designator="1" footprintpin="1" />
    <pinmap designator="2" footprintpin="2" />
    <pinmap designator="3" footprintpin="3" />
    <pinmap designator="4" footprintpin="4" />
    <pinmap designator="5" footprintpin="5" />
    <pinmap designator="6" footprintpin="6" />
    <pinmap designator="7" footprintpin="7" />
    <pinmap designator="8" footprintpin="8" />
    <text name="Datasheet" originx="0" originy="0" style="Default" rotation="0" justify="" flipped="False" hidden="True" data="http://uk.rs-online.com/web/p/products/0402920" />
    <text name="Description" originx="0" originy="0" style="Default" rotation="0" justify="" flipped="False" hidden="True" data="High Speed CAN Transceiver,MCP2551-I/P Microchip MCP2551-I/P, CAN Transceiver 1-channel ISO 11898, 8-Pin PDIP" />
    <text name="RS Part Number" originx="0" originy="0" style="Default" rotation="0" justify="" flipped="False" hidden="True" data="0402920" />
    <text name="RS Price/Stock" originx="0" originy="0" style="Default" rotation="0" justify="" flipped="False" hidden="True" data="http://uk.rs-online.com/web/p/products/0402920" />
    <text name="Manufacturer_Name" originx="0" originy="0" style="Default" rotation="0" justify="" flipped="False" hidden="True" data="Microchip" />
    <text name="Manufacturer_Part_Number" originx="950" originy="200" style="Default" rotation="0" justify="left" flipped="False" hidden="False" data="MCP2551-I/P" />
    <text name="Allied_Number" originx="0" originy="0" style="Default" rotation="0" justify="" flipped="False" hidden="True" data="70045402" />
  </component>
</quadcept_library>
